,clust,weight
0,0,0.4081632653061225
1,1,0.2653061224489796
2,2,0.1020408163265306
3,3,0.14285714285714285
4,4,0.08163265306122447
