,clust,weight
0,0,0.09900990099009901
1,1,0.1188118811881188
2,2,0.13861386138613863
3,3,0.0891089108910891
4,4,0.12871287128712872
5,5,0.039603960396039604
6,6,0.10891089108910891
7,7,0.009900990099009901
8,8,0.06930693069306931
9,9,0.06930693069306931
10,10,0.019801980198019802
11,11,0.0594059405940594
12,12,0.0297029702970297
13,13,0.019801980198019802
